means,stds,params
0.6510441104571024,0.0272241255479429,"{'batch_size': 128, 'dropout_rate': 0.2, 'embed_dim': 32, 'epochs': 10, 'hidden_unit': 16, 'learning_rate': 0.01, 'optimizers': <class 'keras.optimizers.optimizer_v2.adam.Adam'>}"
0.6834190487861633,0.027182806220770933,"{'batch_size': 128, 'dropout_rate': 0.2, 'embed_dim': 32, 'epochs': 10, 'hidden_unit': 16, 'learning_rate': 0.01, 'optimizers': <class 'keras.optimizers.optimizer_v2.rmsprop.RMSprop'>}"
0.4708976050217946,0.08286524205900753,"{'batch_size': 128, 'dropout_rate': 0.2, 'embed_dim': 32, 'epochs': 10, 'hidden_unit': 16, 'learning_rate': 0.001, 'optimizers': <class 'keras.optimizers.optimizer_v2.adam.Adam'>}"
0.5000779032707214,0.034334187586453194,"{'batch_size': 128, 'dropout_rate': 0.2, 'embed_dim': 32, 'epochs': 10, 'hidden_unit': 16, 'learning_rate': 0.001, 'optimizers': <class 'keras.optimizers.optimizer_v2.rmsprop.RMSprop'>}"
0.5,0.004389762377719932,"{'batch_size': 128, 'dropout_rate': 0.2, 'embed_dim': 32, 'epochs': 10, 'hidden_unit': 16, 'learning_rate': 0.0001, 'optimizers': <class 'keras.optimizers.optimizer_v2.adam.Adam'>}"
0.4491974512736003,0.08977665325090436,"{'batch_size': 128, 'dropout_rate': 0.2, 'embed_dim': 32, 'epochs': 10, 'hidden_unit': 16, 'learning_rate': 0.0001, 'optimizers': <class 'keras.optimizers.optimizer_v2.rmsprop.RMSprop'>}"
0.6798348228136698,0.006066600494292441,"{'batch_size': 128, 'dropout_rate': 0.2, 'embed_dim': 32, 'epochs': 10, 'hidden_unit': 32, 'learning_rate': 0.01, 'optimizers': <class 'keras.optimizers.optimizer_v2.adam.Adam'>}"
0.7157939871152242,0.01095753975281033,"{'batch_size': 128, 'dropout_rate': 0.2, 'embed_dim': 32, 'epochs': 10, 'hidden_unit': 32, 'learning_rate': 0.01, 'optimizers': <class 'keras.optimizers.optimizer_v2.rmsprop.RMSprop'>}"
0.4783387879530589,0.059115402794446804,"{'batch_size': 128, 'dropout_rate': 0.2, 'embed_dim': 32, 'epochs': 10, 'hidden_unit': 32, 'learning_rate': 0.001, 'optimizers': <class 'keras.optimizers.optimizer_v2.adam.Adam'>}"
0.4711313843727112,0.04745103158724427,"{'batch_size': 128, 'dropout_rate': 0.2, 'embed_dim': 32, 'epochs': 10, 'hidden_unit': 32, 'learning_rate': 0.001, 'optimizers': <class 'keras.optimizers.optimizer_v2.rmsprop.RMSprop'>}"
0.49279258648554486,0.04397398451441937,"{'batch_size': 128, 'dropout_rate': 0.2, 'embed_dim': 32, 'epochs': 10, 'hidden_unit': 32, 'learning_rate': 0.0001, 'optimizers': <class 'keras.optimizers.optimizer_v2.adam.Adam'>}"
0.4602618118127187,0.05515243952906557,"{'batch_size': 128, 'dropout_rate': 0.2, 'embed_dim': 32, 'epochs': 10, 'hidden_unit': 32, 'learning_rate': 0.0001, 'optimizers': <class 'keras.optimizers.optimizer_v2.rmsprop.RMSprop'>}"
0.6797568996747335,0.023533806662172845,"{'batch_size': 128, 'dropout_rate': 0.2, 'embed_dim': 32, 'epochs': 10, 'hidden_unit': 64, 'learning_rate': 0.01, 'optimizers': <class 'keras.optimizers.optimizer_v2.adam.Adam'>}"
0.5931509931882223,0.09047112865851946,"{'batch_size': 128, 'dropout_rate': 0.2, 'embed_dim': 32, 'epochs': 10, 'hidden_unit': 64, 'learning_rate': 0.01, 'optimizers': <class 'keras.optimizers.optimizer_v2.rmsprop.RMSprop'>}"
0.46762505173683167,0.03950824361520593,"{'batch_size': 128, 'dropout_rate': 0.2, 'embed_dim': 32, 'epochs': 10, 'hidden_unit': 64, 'learning_rate': 0.001, 'optimizers': <class 'keras.optimizers.optimizer_v2.adam.Adam'>}"
0.5288296639919281,0.0840462950271267,"{'batch_size': 128, 'dropout_rate': 0.2, 'embed_dim': 32, 'epochs': 10, 'hidden_unit': 64, 'learning_rate': 0.001, 'optimizers': <class 'keras.optimizers.optimizer_v2.rmsprop.RMSprop'>}"
0.49290945132573444,0.02995540787312155,"{'batch_size': 128, 'dropout_rate': 0.2, 'embed_dim': 32, 'epochs': 10, 'hidden_unit': 64, 'learning_rate': 0.0001, 'optimizers': <class 'keras.optimizers.optimizer_v2.adam.Adam'>}"
0.5001947780450186,0.05825186848728621,"{'batch_size': 128, 'dropout_rate': 0.2, 'embed_dim': 32, 'epochs': 10, 'hidden_unit': 64, 'learning_rate': 0.0001, 'optimizers': <class 'keras.optimizers.optimizer_v2.rmsprop.RMSprop'>}"
0.6581346392631531,0.028651026267448157,"{'batch_size': 128, 'dropout_rate': 0.2, 'embed_dim': 32, 'epochs': 25, 'hidden_unit': 16, 'learning_rate': 0.01, 'optimizers': <class 'keras.optimizers.optimizer_v2.adam.Adam'>}"
0.650927205880483,0.03706082257820872,"{'batch_size': 128, 'dropout_rate': 0.2, 'embed_dim': 32, 'epochs': 25, 'hidden_unit': 16, 'learning_rate': 0.01, 'optimizers': <class 'keras.optimizers.optimizer_v2.rmsprop.RMSprop'>}"
0.5505687892436981,0.0929830831661639,"{'batch_size': 128, 'dropout_rate': 0.2, 'embed_dim': 32, 'epochs': 25, 'hidden_unit': 16, 'learning_rate': 0.001, 'optimizers': <class 'keras.optimizers.optimizer_v2.adam.Adam'>}"
0.6223702828089396,0.013388424093768614,"{'batch_size': 128, 'dropout_rate': 0.2, 'embed_dim': 32, 'epochs': 25, 'hidden_unit': 16, 'learning_rate': 0.001, 'optimizers': <class 'keras.optimizers.optimizer_v2.rmsprop.RMSprop'>}"
0.5000389516353607,0.01915650579340445,"{'batch_size': 128, 'dropout_rate': 0.2, 'embed_dim': 32, 'epochs': 25, 'hidden_unit': 16, 'learning_rate': 0.0001, 'optimizers': <class 'keras.optimizers.optimizer_v2.adam.Adam'>}"
0.438990185658137,0.029123423208363045,"{'batch_size': 128, 'dropout_rate': 0.2, 'embed_dim': 32, 'epochs': 25, 'hidden_unit': 16, 'learning_rate': 0.0001, 'optimizers': <class 'keras.optimizers.optimizer_v2.rmsprop.RMSprop'>}"
0.6940548618634542,0.03831954437066923,"{'batch_size': 128, 'dropout_rate': 0.2, 'embed_dim': 32, 'epochs': 25, 'hidden_unit': 32, 'learning_rate': 0.01, 'optimizers': <class 'keras.optimizers.optimizer_v2.adam.Adam'>}"
0.6079943974812826,0.059231973922134515,"{'batch_size': 128, 'dropout_rate': 0.2, 'embed_dim': 32, 'epochs': 25, 'hidden_unit': 32, 'learning_rate': 0.01, 'optimizers': <class 'keras.optimizers.optimizer_v2.rmsprop.RMSprop'>}"
0.5610877474149069,0.029133639781837046,"{'batch_size': 128, 'dropout_rate': 0.2, 'embed_dim': 32, 'epochs': 25, 'hidden_unit': 32, 'learning_rate': 0.001, 'optimizers': <class 'keras.optimizers.optimizer_v2.adam.Adam'>}"
0.5864500403404236,0.049752509259062806,"{'batch_size': 128, 'dropout_rate': 0.2, 'embed_dim': 32, 'epochs': 25, 'hidden_unit': 32, 'learning_rate': 0.001, 'optimizers': <class 'keras.optimizers.optimizer_v2.rmsprop.RMSprop'>}"
0.4712482492129008,0.031125883550752433,"{'batch_size': 128, 'dropout_rate': 0.2, 'embed_dim': 32, 'epochs': 25, 'hidden_unit': 32, 'learning_rate': 0.0001, 'optimizers': <class 'keras.optimizers.optimizer_v2.adam.Adam'>}"
0.4784946143627167,0.042333376928363586,"{'batch_size': 128, 'dropout_rate': 0.2, 'embed_dim': 32, 'epochs': 25, 'hidden_unit': 32, 'learning_rate': 0.0001, 'optimizers': <class 'keras.optimizers.optimizer_v2.rmsprop.RMSprop'>}"
0.6725884278615316,0.026270271087176538,"{'batch_size': 128, 'dropout_rate': 0.2, 'embed_dim': 32, 'epochs': 25, 'hidden_unit': 64, 'learning_rate': 0.01, 'optimizers': <class 'keras.optimizers.optimizer_v2.adam.Adam'>}"
0.6762895385424296,0.014474011775548527,"{'batch_size': 128, 'dropout_rate': 0.2, 'embed_dim': 32, 'epochs': 25, 'hidden_unit': 64, 'learning_rate': 0.01, 'optimizers': <class 'keras.optimizers.optimizer_v2.rmsprop.RMSprop'>}"
0.597202738126119,0.042554819198951765,"{'batch_size': 128, 'dropout_rate': 0.2, 'embed_dim': 32, 'epochs': 25, 'hidden_unit': 64, 'learning_rate': 0.001, 'optimizers': <class 'keras.optimizers.optimizer_v2.adam.Adam'>}"
0.6079554160435995,0.027588316166694656,"{'batch_size': 128, 'dropout_rate': 0.2, 'embed_dim': 32, 'epochs': 25, 'hidden_unit': 64, 'learning_rate': 0.001, 'optimizers': <class 'keras.optimizers.optimizer_v2.rmsprop.RMSprop'>}"
0.47479352355003357,0.048570298575284436,"{'batch_size': 128, 'dropout_rate': 0.2, 'embed_dim': 32, 'epochs': 25, 'hidden_unit': 64, 'learning_rate': 0.0001, 'optimizers': <class 'keras.optimizers.optimizer_v2.adam.Adam'>}"
0.46762505173683167,0.03950824361520593,"{'batch_size': 128, 'dropout_rate': 0.2, 'embed_dim': 32, 'epochs': 25, 'hidden_unit': 64, 'learning_rate': 0.0001, 'optimizers': <class 'keras.optimizers.optimizer_v2.rmsprop.RMSprop'>}"
0.6581736008326212,0.02362521940633791,"{'batch_size': 128, 'dropout_rate': 0.2, 'embed_dim': 32, 'epochs': 50, 'hidden_unit': 16, 'learning_rate': 0.01, 'optimizers': <class 'keras.optimizers.optimizer_v2.adam.Adam'>}"
0.6868084669113159,0.048351935866984976,"{'batch_size': 128, 'dropout_rate': 0.2, 'embed_dim': 32, 'epochs': 50, 'hidden_unit': 16, 'learning_rate': 0.01, 'optimizers': <class 'keras.optimizers.optimizer_v2.rmsprop.RMSprop'>}"
0.6690042018890381,0.02890243406657447,"{'batch_size': 128, 'dropout_rate': 0.2, 'embed_dim': 32, 'epochs': 50, 'hidden_unit': 16, 'learning_rate': 0.001, 'optimizers': <class 'keras.optimizers.optimizer_v2.adam.Adam'>}"
0.6294607917467753,0.006997247887677634,"{'batch_size': 128, 'dropout_rate': 0.2, 'embed_dim': 32, 'epochs': 50, 'hidden_unit': 16, 'learning_rate': 0.001, 'optimizers': <class 'keras.optimizers.optimizer_v2.rmsprop.RMSprop'>}"
0.48207884033521015,0.04569013635019106,"{'batch_size': 128, 'dropout_rate': 0.2, 'embed_dim': 32, 'epochs': 50, 'hidden_unit': 16, 'learning_rate': 0.0001, 'optimizers': <class 'keras.optimizers.optimizer_v2.adam.Adam'>}"
0.5074411630630493,0.059911633448851115,"{'batch_size': 128, 'dropout_rate': 0.2, 'embed_dim': 32, 'epochs': 50, 'hidden_unit': 16, 'learning_rate': 0.0001, 'optimizers': <class 'keras.optimizers.optimizer_v2.rmsprop.RMSprop'>}"
0.67617267370224,0.024419048232222497,"{'batch_size': 128, 'dropout_rate': 0.2, 'embed_dim': 32, 'epochs': 50, 'hidden_unit': 32, 'learning_rate': 0.01, 'optimizers': <class 'keras.optimizers.optimizer_v2.adam.Adam'>}"
0.6654589374860128,0.008944140750343915,"{'batch_size': 128, 'dropout_rate': 0.2, 'embed_dim': 32, 'epochs': 50, 'hidden_unit': 32, 'learning_rate': 0.01, 'optimizers': <class 'keras.optimizers.optimizer_v2.rmsprop.RMSprop'>}"
0.66530309120814,0.03351205617988916,"{'batch_size': 128, 'dropout_rate': 0.2, 'embed_dim': 32, 'epochs': 50, 'hidden_unit': 32, 'learning_rate': 0.001, 'optimizers': <class 'keras.optimizers.optimizer_v2.adam.Adam'>}"
0.636590301990509,0.036514225110945826,"{'batch_size': 128, 'dropout_rate': 0.2, 'embed_dim': 32, 'epochs': 50, 'hidden_unit': 32, 'learning_rate': 0.001, 'optimizers': <class 'keras.optimizers.optimizer_v2.rmsprop.RMSprop'>}"
0.47120927770932514,0.043980598091036556,"{'batch_size': 128, 'dropout_rate': 0.2, 'embed_dim': 32, 'epochs': 50, 'hidden_unit': 32, 'learning_rate': 0.0001, 'optimizers': <class 'keras.optimizers.optimizer_v2.adam.Adam'>}"
0.48554620146751404,0.06278319976305057,"{'batch_size': 128, 'dropout_rate': 0.2, 'embed_dim': 32, 'epochs': 50, 'hidden_unit': 32, 'learning_rate': 0.0001, 'optimizers': <class 'keras.optimizers.optimizer_v2.rmsprop.RMSprop'>}"
0.6797179579734802,0.03234382168296365,"{'batch_size': 128, 'dropout_rate': 0.2, 'embed_dim': 32, 'epochs': 50, 'hidden_unit': 64, 'learning_rate': 0.01, 'optimizers': <class 'keras.optimizers.optimizer_v2.adam.Adam'>}"
0.6510441104571024,0.01886139734802855,"{'batch_size': 128, 'dropout_rate': 0.2, 'embed_dim': 32, 'epochs': 50, 'hidden_unit': 64, 'learning_rate': 0.01, 'optimizers': <class 'keras.optimizers.optimizer_v2.rmsprop.RMSprop'>}"
0.6543945670127869,0.055545588165798486,"{'batch_size': 128, 'dropout_rate': 0.2, 'embed_dim': 32, 'epochs': 50, 'hidden_unit': 64, 'learning_rate': 0.001, 'optimizers': <class 'keras.optimizers.optimizer_v2.adam.Adam'>}"
0.6545503934224447,0.028025221368946127,"{'batch_size': 128, 'dropout_rate': 0.2, 'embed_dim': 32, 'epochs': 50, 'hidden_unit': 64, 'learning_rate': 0.001, 'optimizers': <class 'keras.optimizers.optimizer_v2.rmsprop.RMSprop'>}"
0.4281985362370809,0.04473610878016874,"{'batch_size': 128, 'dropout_rate': 0.2, 'embed_dim': 32, 'epochs': 50, 'hidden_unit': 64, 'learning_rate': 0.0001, 'optimizers': <class 'keras.optimizers.optimizer_v2.adam.Adam'>}"
0.46762505173683167,0.03950824361520593,"{'batch_size': 128, 'dropout_rate': 0.2, 'embed_dim': 32, 'epochs': 50, 'hidden_unit': 64, 'learning_rate': 0.0001, 'optimizers': <class 'keras.optimizers.optimizer_v2.rmsprop.RMSprop'>}"
0.6616799036661783,0.041376165191011664,"{'batch_size': 128, 'dropout_rate': 0.2, 'embed_dim': 32, 'epochs': 100, 'hidden_unit': 16, 'learning_rate': 0.01, 'optimizers': <class 'keras.optimizers.optimizer_v2.adam.Adam'>}"
0.6726663510004679,0.030741003757986864,"{'batch_size': 128, 'dropout_rate': 0.2, 'embed_dim': 32, 'epochs': 100, 'hidden_unit': 16, 'learning_rate': 0.01, 'optimizers': <class 'keras.optimizers.optimizer_v2.rmsprop.RMSprop'>}"
0.6617188652356466,0.03012866124940737,"{'batch_size': 128, 'dropout_rate': 0.2, 'embed_dim': 32, 'epochs': 100, 'hidden_unit': 16, 'learning_rate': 0.001, 'optimizers': <class 'keras.optimizers.optimizer_v2.adam.Adam'>}"
0.6761337121327718,0.02792797038802967,"{'batch_size': 128, 'dropout_rate': 0.2, 'embed_dim': 32, 'epochs': 100, 'hidden_unit': 16, 'learning_rate': 0.001, 'optimizers': <class 'keras.optimizers.optimizer_v2.rmsprop.RMSprop'>}"
0.500194787979126,0.05195726758076567,"{'batch_size': 128, 'dropout_rate': 0.2, 'embed_dim': 32, 'epochs': 100, 'hidden_unit': 16, 'learning_rate': 0.0001, 'optimizers': <class 'keras.optimizers.optimizer_v2.adam.Adam'>}"
0.5464780926704407,0.05609482545176667,"{'batch_size': 128, 'dropout_rate': 0.2, 'embed_dim': 32, 'epochs': 100, 'hidden_unit': 16, 'learning_rate': 0.0001, 'optimizers': <class 'keras.optimizers.optimizer_v2.rmsprop.RMSprop'>}"
0.6544724901517233,0.042164427450970335,"{'batch_size': 128, 'dropout_rate': 0.2, 'embed_dim': 32, 'epochs': 100, 'hidden_unit': 32, 'learning_rate': 0.01, 'optimizers': <class 'keras.optimizers.optimizer_v2.adam.Adam'>}"
0.672510544459025,0.03697208514152145,"{'batch_size': 128, 'dropout_rate': 0.2, 'embed_dim': 32, 'epochs': 100, 'hidden_unit': 32, 'learning_rate': 0.01, 'optimizers': <class 'keras.optimizers.optimizer_v2.rmsprop.RMSprop'>}"
0.6762116352717081,0.0321081542657217,"{'batch_size': 128, 'dropout_rate': 0.2, 'embed_dim': 32, 'epochs': 100, 'hidden_unit': 32, 'learning_rate': 0.001, 'optimizers': <class 'keras.optimizers.optimizer_v2.adam.Adam'>}"
0.6723936398824056,0.05557411976927969,"{'batch_size': 128, 'dropout_rate': 0.2, 'embed_dim': 32, 'epochs': 100, 'hidden_unit': 32, 'learning_rate': 0.001, 'optimizers': <class 'keras.optimizers.optimizer_v2.rmsprop.RMSprop'>}"
0.47124823927879333,0.039817866901284034,"{'batch_size': 128, 'dropout_rate': 0.2, 'embed_dim': 32, 'epochs': 100, 'hidden_unit': 32, 'learning_rate': 0.0001, 'optimizers': <class 'keras.optimizers.optimizer_v2.adam.Adam'>}"
0.46762505173683167,0.03950824361520593,"{'batch_size': 128, 'dropout_rate': 0.2, 'embed_dim': 32, 'epochs': 100, 'hidden_unit': 32, 'learning_rate': 0.0001, 'optimizers': <class 'keras.optimizers.optimizer_v2.rmsprop.RMSprop'>}"
0.6617578466733297,0.02214873085045496,"{'batch_size': 128, 'dropout_rate': 0.2, 'embed_dim': 32, 'epochs': 100, 'hidden_unit': 64, 'learning_rate': 0.01, 'optimizers': <class 'keras.optimizers.optimizer_v2.adam.Adam'>}"
0.6547062397003174,0.007350167344277887,"{'batch_size': 128, 'dropout_rate': 0.2, 'embed_dim': 32, 'epochs': 100, 'hidden_unit': 64, 'learning_rate': 0.01, 'optimizers': <class 'keras.optimizers.optimizer_v2.rmsprop.RMSprop'>}"
0.6723546783129374,0.061804976402285536,"{'batch_size': 128, 'dropout_rate': 0.2, 'embed_dim': 32, 'epochs': 100, 'hidden_unit': 64, 'learning_rate': 0.001, 'optimizers': <class 'keras.optimizers.optimizer_v2.adam.Adam'>}"
0.6617188652356466,0.03258675096637135,"{'batch_size': 128, 'dropout_rate': 0.2, 'embed_dim': 32, 'epochs': 100, 'hidden_unit': 64, 'learning_rate': 0.001, 'optimizers': <class 'keras.optimizers.optimizer_v2.rmsprop.RMSprop'>}"
0.49271466334660846,0.06401222330208665,"{'batch_size': 128, 'dropout_rate': 0.2, 'embed_dim': 32, 'epochs': 100, 'hidden_unit': 64, 'learning_rate': 0.0001, 'optimizers': <class 'keras.optimizers.optimizer_v2.adam.Adam'>}"
0.4568723638852437,0.02736870315176676,"{'batch_size': 128, 'dropout_rate': 0.2, 'embed_dim': 32, 'epochs': 100, 'hidden_unit': 64, 'learning_rate': 0.0001, 'optimizers': <class 'keras.optimizers.optimizer_v2.rmsprop.RMSprop'>}"
0.6942106882731119,0.011023803816895246,"{'batch_size': 128, 'dropout_rate': 0.2, 'embed_dim': 64, 'epochs': 10, 'hidden_unit': 16, 'learning_rate': 0.01, 'optimizers': <class 'keras.optimizers.optimizer_v2.adam.Adam'>}"
0.6906654238700867,0.017909609776235916,"{'batch_size': 128, 'dropout_rate': 0.2, 'embed_dim': 64, 'epochs': 10, 'hidden_unit': 16, 'learning_rate': 0.01, 'optimizers': <class 'keras.optimizers.optimizer_v2.rmsprop.RMSprop'>}"
0.5107916394869486,0.06584650738646539,"{'batch_size': 128, 'dropout_rate': 0.2, 'embed_dim': 64, 'epochs': 10, 'hidden_unit': 16, 'learning_rate': 0.001, 'optimizers': <class 'keras.optimizers.optimizer_v2.adam.Adam'>}"
0.5433613657951355,0.038512357176405596,"{'batch_size': 128, 'dropout_rate': 0.2, 'embed_dim': 64, 'epochs': 10, 'hidden_unit': 16, 'learning_rate': 0.001, 'optimizers': <class 'keras.optimizers.optimizer_v2.rmsprop.RMSprop'>}"
0.49294840296109516,0.05209101340600851,"{'batch_size': 128, 'dropout_rate': 0.2, 'embed_dim': 64, 'epochs': 10, 'hidden_unit': 16, 'learning_rate': 0.0001, 'optimizers': <class 'keras.optimizers.optimizer_v2.adam.Adam'>}"
0.46754713853200275,0.02685974433296854,"{'batch_size': 128, 'dropout_rate': 0.2, 'embed_dim': 64, 'epochs': 10, 'hidden_unit': 16, 'learning_rate': 0.0001, 'optimizers': <class 'keras.optimizers.optimizer_v2.rmsprop.RMSprop'>}"
0.6941327850023905,0.028135261266985137,"{'batch_size': 128, 'dropout_rate': 0.2, 'embed_dim': 64, 'epochs': 10, 'hidden_unit': 32, 'learning_rate': 0.01, 'optimizers': <class 'keras.optimizers.optimizer_v2.adam.Adam'>}"
0.6799127260843912,0.01724227587720527,"{'batch_size': 128, 'dropout_rate': 0.2, 'embed_dim': 64, 'epochs': 10, 'hidden_unit': 32, 'learning_rate': 0.01, 'optimizers': <class 'keras.optimizers.optimizer_v2.rmsprop.RMSprop'>}"
0.46762505173683167,0.03950824361520593,"{'batch_size': 128, 'dropout_rate': 0.2, 'embed_dim': 64, 'epochs': 10, 'hidden_unit': 32, 'learning_rate': 0.001, 'optimizers': <class 'keras.optimizers.optimizer_v2.adam.Adam'>}"
0.6007869640986124,0.02201435752710618,"{'batch_size': 128, 'dropout_rate': 0.2, 'embed_dim': 64, 'epochs': 10, 'hidden_unit': 32, 'learning_rate': 0.001, 'optimizers': <class 'keras.optimizers.optimizer_v2.rmsprop.RMSprop'>}"
0.4926367501417796,0.048343128109738,"{'batch_size': 128, 'dropout_rate': 0.2, 'embed_dim': 64, 'epochs': 10, 'hidden_unit': 32, 'learning_rate': 0.0001, 'optimizers': <class 'keras.optimizers.optimizer_v2.adam.Adam'>}"
0.5,0.05706695957734778,"{'batch_size': 128, 'dropout_rate': 0.2, 'embed_dim': 64, 'epochs': 10, 'hidden_unit': 32, 'learning_rate': 0.0001, 'optimizers': <class 'keras.optimizers.optimizer_v2.rmsprop.RMSprop'>}"
0.6725105245908102,0.032536332857802185,"{'batch_size': 128, 'dropout_rate': 0.2, 'embed_dim': 64, 'epochs': 10, 'hidden_unit': 64, 'learning_rate': 0.01, 'optimizers': <class 'keras.optimizers.optimizer_v2.adam.Adam'>}"
0.6547062595685323,0.014428636287450367,"{'batch_size': 128, 'dropout_rate': 0.2, 'embed_dim': 64, 'epochs': 10, 'hidden_unit': 64, 'learning_rate': 0.01, 'optimizers': <class 'keras.optimizers.optimizer_v2.rmsprop.RMSprop'>}"
0.4893252154191335,0.04952105969335421,"{'batch_size': 128, 'dropout_rate': 0.2, 'embed_dim': 64, 'epochs': 10, 'hidden_unit': 64, 'learning_rate': 0.001, 'optimizers': <class 'keras.optimizers.optimizer_v2.adam.Adam'>}"
0.5539192656675974,0.06189860715514917,"{'batch_size': 128, 'dropout_rate': 0.2, 'embed_dim': 64, 'epochs': 10, 'hidden_unit': 64, 'learning_rate': 0.001, 'optimizers': <class 'keras.optimizers.optimizer_v2.rmsprop.RMSprop'>}"
0.4534439742565155,0.04268816632082788,"{'batch_size': 128, 'dropout_rate': 0.2, 'embed_dim': 64, 'epochs': 10, 'hidden_unit': 64, 'learning_rate': 0.0001, 'optimizers': <class 'keras.optimizers.optimizer_v2.adam.Adam'>}"
0.5143369138240814,0.04934013311370066,"{'batch_size': 128, 'dropout_rate': 0.2, 'embed_dim': 64, 'epochs': 10, 'hidden_unit': 64, 'learning_rate': 0.0001, 'optimizers': <class 'keras.optimizers.optimizer_v2.rmsprop.RMSprop'>}"
0.6509661873181661,0.02220385892830721,"{'batch_size': 128, 'dropout_rate': 0.2, 'embed_dim': 64, 'epochs': 25, 'hidden_unit': 16, 'learning_rate': 0.01, 'optimizers': <class 'keras.optimizers.optimizer_v2.adam.Adam'>}"
0.6834580103556315,0.013202553714079386,"{'batch_size': 128, 'dropout_rate': 0.2, 'embed_dim': 64, 'epochs': 25, 'hidden_unit': 16, 'learning_rate': 0.01, 'optimizers': <class 'keras.optimizers.optimizer_v2.rmsprop.RMSprop'>}"
0.5935795505841573,0.024413096555042438,"{'batch_size': 128, 'dropout_rate': 0.2, 'embed_dim': 64, 'epochs': 25, 'hidden_unit': 16, 'learning_rate': 0.001, 'optimizers': <class 'keras.optimizers.optimizer_v2.adam.Adam'>}"
0.647459864616394,0.006181832065856552,"{'batch_size': 128, 'dropout_rate': 0.2, 'embed_dim': 64, 'epochs': 25, 'hidden_unit': 16, 'learning_rate': 0.001, 'optimizers': <class 'keras.optimizers.optimizer_v2.rmsprop.RMSprop'>}"
0.4891304274400075,0.020241665234062275,"{'batch_size': 128, 'dropout_rate': 0.2, 'embed_dim': 64, 'epochs': 25, 'hidden_unit': 16, 'learning_rate': 0.0001, 'optimizers': <class 'keras.optimizers.optimizer_v2.adam.Adam'>}"
0.5324918131033579,0.03506000060690001,"{'batch_size': 128, 'dropout_rate': 0.2, 'embed_dim': 64, 'epochs': 25, 'hidden_unit': 16, 'learning_rate': 0.0001, 'optimizers': <class 'keras.optimizers.optimizer_v2.rmsprop.RMSprop'>}"
0.6582125624020895,0.028925165480928234,"{'batch_size': 128, 'dropout_rate': 0.2, 'embed_dim': 64, 'epochs': 25, 'hidden_unit': 32, 'learning_rate': 0.01, 'optimizers': <class 'keras.optimizers.optimizer_v2.adam.Adam'>}"
0.7013791600863138,0.03702708588271532,"{'batch_size': 128, 'dropout_rate': 0.2, 'embed_dim': 64, 'epochs': 25, 'hidden_unit': 32, 'learning_rate': 0.01, 'optimizers': <class 'keras.optimizers.optimizer_v2.rmsprop.RMSprop'>}"
0.6187470753987631,0.027604770589365835,"{'batch_size': 128, 'dropout_rate': 0.2, 'embed_dim': 64, 'epochs': 25, 'hidden_unit': 32, 'learning_rate': 0.001, 'optimizers': <class 'keras.optimizers.optimizer_v2.adam.Adam'>}"
0.6330060561498007,0.01930229405207556,"{'batch_size': 128, 'dropout_rate': 0.2, 'embed_dim': 64, 'epochs': 25, 'hidden_unit': 32, 'learning_rate': 0.001, 'optimizers': <class 'keras.optimizers.optimizer_v2.rmsprop.RMSprop'>}"
0.48192301392555237,0.025118375032972238,"{'batch_size': 128, 'dropout_rate': 0.2, 'embed_dim': 64, 'epochs': 25, 'hidden_unit': 32, 'learning_rate': 0.0001, 'optimizers': <class 'keras.optimizers.optimizer_v2.adam.Adam'>}"
0.5356864531834921,0.05614975662156194,"{'batch_size': 128, 'dropout_rate': 0.2, 'embed_dim': 64, 'epochs': 25, 'hidden_unit': 32, 'learning_rate': 0.0001, 'optimizers': <class 'keras.optimizers.optimizer_v2.rmsprop.RMSprop'>}"
0.6617578268051147,0.02826458438090805,"{'batch_size': 128, 'dropout_rate': 0.2, 'embed_dim': 64, 'epochs': 25, 'hidden_unit': 64, 'learning_rate': 0.01, 'optimizers': <class 'keras.optimizers.optimizer_v2.adam.Adam'>}"
0.6688483754793803,0.05002897556013033,"{'batch_size': 128, 'dropout_rate': 0.2, 'embed_dim': 64, 'epochs': 25, 'hidden_unit': 64, 'learning_rate': 0.01, 'optimizers': <class 'keras.optimizers.optimizer_v2.rmsprop.RMSprop'>}"
0.6221754749615988,0.03955275251572457,"{'batch_size': 128, 'dropout_rate': 0.2, 'embed_dim': 64, 'epochs': 25, 'hidden_unit': 64, 'learning_rate': 0.001, 'optimizers': <class 'keras.optimizers.optimizer_v2.adam.Adam'>}"
0.6330839991569519,0.017658689599334216,"{'batch_size': 128, 'dropout_rate': 0.2, 'embed_dim': 64, 'epochs': 25, 'hidden_unit': 64, 'learning_rate': 0.001, 'optimizers': <class 'keras.optimizers.optimizer_v2.rmsprop.RMSprop'>}"
0.45722298820813495,0.07749080148569411,"{'batch_size': 128, 'dropout_rate': 0.2, 'embed_dim': 64, 'epochs': 25, 'hidden_unit': 64, 'learning_rate': 0.0001, 'optimizers': <class 'keras.optimizers.optimizer_v2.adam.Adam'>}"
0.4893252154191335,0.04952105969335421,"{'batch_size': 128, 'dropout_rate': 0.2, 'embed_dim': 64, 'epochs': 25, 'hidden_unit': 64, 'learning_rate': 0.0001, 'optimizers': <class 'keras.optimizers.optimizer_v2.rmsprop.RMSprop'>}"
0.6474209229151408,0.021274046895480955,"{'batch_size': 128, 'dropout_rate': 0.2, 'embed_dim': 64, 'epochs': 50, 'hidden_unit': 16, 'learning_rate': 0.01, 'optimizers': <class 'keras.optimizers.optimizer_v2.adam.Adam'>}"
0.6762895584106445,0.0074388236545545345,"{'batch_size': 128, 'dropout_rate': 0.2, 'embed_dim': 64, 'epochs': 50, 'hidden_unit': 16, 'learning_rate': 0.01, 'optimizers': <class 'keras.optimizers.optimizer_v2.rmsprop.RMSprop'>}"
0.6906264821688334,0.0223344296820647,"{'batch_size': 128, 'dropout_rate': 0.2, 'embed_dim': 64, 'epochs': 50, 'hidden_unit': 16, 'learning_rate': 0.001, 'optimizers': <class 'keras.optimizers.optimizer_v2.adam.Adam'>}"
0.6474988460540771,0.026545244600856024,"{'batch_size': 128, 'dropout_rate': 0.2, 'embed_dim': 64, 'epochs': 50, 'hidden_unit': 16, 'learning_rate': 0.001, 'optimizers': <class 'keras.optimizers.optimizer_v2.rmsprop.RMSprop'>}"
0.49267571171124774,0.039972333031839946,"{'batch_size': 128, 'dropout_rate': 0.2, 'embed_dim': 64, 'epochs': 50, 'hidden_unit': 16, 'learning_rate': 0.0001, 'optimizers': <class 'keras.optimizers.optimizer_v2.adam.Adam'>}"
0.5573087135950724,0.05964412177428223,"{'batch_size': 128, 'dropout_rate': 0.2, 'embed_dim': 64, 'epochs': 50, 'hidden_unit': 16, 'learning_rate': 0.0001, 'optimizers': <class 'keras.optimizers.optimizer_v2.rmsprop.RMSprop'>}"
0.6580956776936849,0.037331121928998734,"{'batch_size': 128, 'dropout_rate': 0.2, 'embed_dim': 64, 'epochs': 50, 'hidden_unit': 32, 'learning_rate': 0.01, 'optimizers': <class 'keras.optimizers.optimizer_v2.adam.Adam'>}"
0.6438366969426473,0.023907251690008242,"{'batch_size': 128, 'dropout_rate': 0.2, 'embed_dim': 64, 'epochs': 50, 'hidden_unit': 32, 'learning_rate': 0.01, 'optimizers': <class 'keras.optimizers.optimizer_v2.rmsprop.RMSprop'>}"
0.679640014966329,0.04337710048599236,"{'batch_size': 128, 'dropout_rate': 0.2, 'embed_dim': 64, 'epochs': 50, 'hidden_unit': 32, 'learning_rate': 0.001, 'optimizers': <class 'keras.optimizers.optimizer_v2.adam.Adam'>}"
0.679640014966329,0.04337710048599236,"{'batch_size': 128, 'dropout_rate': 0.2, 'embed_dim': 64, 'epochs': 50, 'hidden_unit': 32, 'learning_rate': 0.001, 'optimizers': <class 'keras.optimizers.optimizer_v2.rmsprop.RMSprop'>}"
0.5106358130772909,0.033293756110221416,"{'batch_size': 128, 'dropout_rate': 0.2, 'embed_dim': 64, 'epochs': 50, 'hidden_unit': 32, 'learning_rate': 0.0001, 'optimizers': <class 'keras.optimizers.optimizer_v2.adam.Adam'>}"
0.5469456116358439,0.08284597191158796,"{'batch_size': 128, 'dropout_rate': 0.2, 'embed_dim': 64, 'epochs': 50, 'hidden_unit': 32, 'learning_rate': 0.0001, 'optimizers': <class 'keras.optimizers.optimizer_v2.rmsprop.RMSprop'>}"
0.6581346392631531,0.028651026267448157,"{'batch_size': 128, 'dropout_rate': 0.2, 'embed_dim': 64, 'epochs': 50, 'hidden_unit': 64, 'learning_rate': 0.01, 'optimizers': <class 'keras.optimizers.optimizer_v2.adam.Adam'>}"
0.6690431634585062,0.013835777945441222,"{'batch_size': 128, 'dropout_rate': 0.2, 'embed_dim': 64, 'epochs': 50, 'hidden_unit': 64, 'learning_rate': 0.01, 'optimizers': <class 'keras.optimizers.optimizer_v2.rmsprop.RMSprop'>}"
0.6725494861602783,0.02377411575586709,"{'batch_size': 128, 'dropout_rate': 0.2, 'embed_dim': 64, 'epochs': 50, 'hidden_unit': 64, 'learning_rate': 0.001, 'optimizers': <class 'keras.optimizers.optimizer_v2.adam.Adam'>}"
0.6508493026097616,0.04539179509616968,"{'batch_size': 128, 'dropout_rate': 0.2, 'embed_dim': 64, 'epochs': 50, 'hidden_unit': 64, 'learning_rate': 0.001, 'optimizers': <class 'keras.optimizers.optimizer_v2.rmsprop.RMSprop'>}"
0.46045659979184467,0.031117166221357104,"{'batch_size': 128, 'dropout_rate': 0.2, 'embed_dim': 64, 'epochs': 50, 'hidden_unit': 64, 'learning_rate': 0.0001, 'optimizers': <class 'keras.optimizers.optimizer_v2.adam.Adam'>}"
0.46762505173683167,0.03950824361520593,"{'batch_size': 128, 'dropout_rate': 0.2, 'embed_dim': 64, 'epochs': 50, 'hidden_unit': 64, 'learning_rate': 0.0001, 'optimizers': <class 'keras.optimizers.optimizer_v2.rmsprop.RMSprop'>}"
0.632889191309611,0.040404432878606546,"{'batch_size': 128, 'dropout_rate': 0.2, 'embed_dim': 64, 'epochs': 100, 'hidden_unit': 16, 'learning_rate': 0.01, 'optimizers': <class 'keras.optimizers.optimizer_v2.adam.Adam'>}"
0.6617967883745829,0.026300588211265834,"{'batch_size': 128, 'dropout_rate': 0.2, 'embed_dim': 64, 'epochs': 100, 'hidden_unit': 16, 'learning_rate': 0.01, 'optimizers': <class 'keras.optimizers.optimizer_v2.rmsprop.RMSprop'>}"
0.6689262986183167,0.03787506254941088,"{'batch_size': 128, 'dropout_rate': 0.2, 'embed_dim': 64, 'epochs': 100, 'hidden_unit': 16, 'learning_rate': 0.001, 'optimizers': <class 'keras.optimizers.optimizer_v2.adam.Adam'>}"
0.6510051488876343,0.015193407300689226,"{'batch_size': 128, 'dropout_rate': 0.2, 'embed_dim': 64, 'epochs': 100, 'hidden_unit': 16, 'learning_rate': 0.001, 'optimizers': <class 'keras.optimizers.optimizer_v2.rmsprop.RMSprop'>}"
0.47475456198056537,0.021783901683100317,"{'batch_size': 128, 'dropout_rate': 0.2, 'embed_dim': 64, 'epochs': 100, 'hidden_unit': 16, 'learning_rate': 0.0001, 'optimizers': <class 'keras.optimizers.optimizer_v2.adam.Adam'>}"
0.5684509674708048,0.03709016454039678,"{'batch_size': 128, 'dropout_rate': 0.2, 'embed_dim': 64, 'epochs': 100, 'hidden_unit': 16, 'learning_rate': 0.0001, 'optimizers': <class 'keras.optimizers.optimizer_v2.rmsprop.RMSprop'>}"
0.6616799036661783,0.041376165191011664,"{'batch_size': 128, 'dropout_rate': 0.2, 'embed_dim': 64, 'epochs': 100, 'hidden_unit': 32, 'learning_rate': 0.01, 'optimizers': <class 'keras.optimizers.optimizer_v2.adam.Adam'>}"
0.6582125624020895,0.021242986987924824,"{'batch_size': 128, 'dropout_rate': 0.2, 'embed_dim': 64, 'epochs': 100, 'hidden_unit': 32, 'learning_rate': 0.01, 'optimizers': <class 'keras.optimizers.optimizer_v2.rmsprop.RMSprop'>}"
0.6617188453674316,0.03701643944161698,"{'batch_size': 128, 'dropout_rate': 0.2, 'embed_dim': 64, 'epochs': 100, 'hidden_unit': 32, 'learning_rate': 0.001, 'optimizers': <class 'keras.optimizers.optimizer_v2.adam.Adam'>}"
0.6617188652356466,0.03012866124940737,"{'batch_size': 128, 'dropout_rate': 0.2, 'embed_dim': 64, 'epochs': 100, 'hidden_unit': 32, 'learning_rate': 0.001, 'optimizers': <class 'keras.optimizers.optimizer_v2.rmsprop.RMSprop'>}"
0.5434392889340719,0.08169764375495599,"{'batch_size': 128, 'dropout_rate': 0.2, 'embed_dim': 64, 'epochs': 100, 'hidden_unit': 32, 'learning_rate': 0.0001, 'optimizers': <class 'keras.optimizers.optimizer_v2.adam.Adam'>}"
0.4962599277496338,0.06757580986494362,"{'batch_size': 128, 'dropout_rate': 0.2, 'embed_dim': 64, 'epochs': 100, 'hidden_unit': 32, 'learning_rate': 0.0001, 'optimizers': <class 'keras.optimizers.optimizer_v2.rmsprop.RMSprop'>}"
0.6580567161242167,0.043485006665428254,"{'batch_size': 128, 'dropout_rate': 0.2, 'embed_dim': 64, 'epochs': 100, 'hidden_unit': 64, 'learning_rate': 0.01, 'optimizers': <class 'keras.optimizers.optimizer_v2.adam.Adam'>}"
0.6438756386439005,0.0018181588489619542,"{'batch_size': 128, 'dropout_rate': 0.2, 'embed_dim': 64, 'epochs': 100, 'hidden_unit': 64, 'learning_rate': 0.01, 'optimizers': <class 'keras.optimizers.optimizer_v2.rmsprop.RMSprop'>}"
0.6796010533968607,0.05473153762060934,"{'batch_size': 128, 'dropout_rate': 0.2, 'embed_dim': 64, 'epochs': 100, 'hidden_unit': 64, 'learning_rate': 0.001, 'optimizers': <class 'keras.optimizers.optimizer_v2.adam.Adam'>}"
0.6760947505633036,0.03345885667697961,"{'batch_size': 128, 'dropout_rate': 0.2, 'embed_dim': 64, 'epochs': 100, 'hidden_unit': 64, 'learning_rate': 0.001, 'optimizers': <class 'keras.optimizers.optimizer_v2.rmsprop.RMSprop'>}"
0.517843226591746,0.044907280887699824,"{'batch_size': 128, 'dropout_rate': 0.2, 'embed_dim': 64, 'epochs': 100, 'hidden_unit': 64, 'learning_rate': 0.0001, 'optimizers': <class 'keras.optimizers.optimizer_v2.adam.Adam'>}"
0.503584216038386,0.0702819704005064,"{'batch_size': 128, 'dropout_rate': 0.2, 'embed_dim': 64, 'epochs': 100, 'hidden_unit': 64, 'learning_rate': 0.0001, 'optimizers': <class 'keras.optimizers.optimizer_v2.rmsprop.RMSprop'>}"
0.586138387521108,0.03885607323045556,"{'batch_size': 256, 'dropout_rate': 0.2, 'embed_dim': 32, 'epochs': 10, 'hidden_unit': 16, 'learning_rate': 0.01, 'optimizers': <class 'keras.optimizers.optimizer_v2.adam.Adam'>}"
0.6509661873181661,0.05716553556223057,"{'batch_size': 256, 'dropout_rate': 0.2, 'embed_dim': 32, 'epochs': 10, 'hidden_unit': 16, 'learning_rate': 0.01, 'optimizers': <class 'keras.optimizers.optimizer_v2.rmsprop.RMSprop'>}"
0.5144927402337393,0.024362067786846305,"{'batch_size': 256, 'dropout_rate': 0.2, 'embed_dim': 32, 'epochs': 10, 'hidden_unit': 16, 'learning_rate': 0.001, 'optimizers': <class 'keras.optimizers.optimizer_v2.adam.Adam'>}"
0.4891304274400075,0.06761697766582418,"{'batch_size': 256, 'dropout_rate': 0.2, 'embed_dim': 32, 'epochs': 10, 'hidden_unit': 16, 'learning_rate': 0.001, 'optimizers': <class 'keras.optimizers.optimizer_v2.rmsprop.RMSprop'>}"
0.3994467854499817,0.06960171142782039,"{'batch_size': 256, 'dropout_rate': 0.2, 'embed_dim': 32, 'epochs': 10, 'hidden_unit': 16, 'learning_rate': 0.0001, 'optimizers': <class 'keras.optimizers.optimizer_v2.adam.Adam'>}"
0.48239052295684814,0.07849040488494702,"{'batch_size': 256, 'dropout_rate': 0.2, 'embed_dim': 32, 'epochs': 10, 'hidden_unit': 16, 'learning_rate': 0.0001, 'optimizers': <class 'keras.optimizers.optimizer_v2.rmsprop.RMSprop'>}"
0.651160995165507,0.027213593578429656,"{'batch_size': 256, 'dropout_rate': 0.2, 'embed_dim': 32, 'epochs': 10, 'hidden_unit': 32, 'learning_rate': 0.01, 'optimizers': <class 'keras.optimizers.optimizer_v2.adam.Adam'>}"
0.6404082973798116,0.04988276515363282,"{'batch_size': 256, 'dropout_rate': 0.2, 'embed_dim': 32, 'epochs': 10, 'hidden_unit': 32, 'learning_rate': 0.01, 'optimizers': <class 'keras.optimizers.optimizer_v2.rmsprop.RMSprop'>}"
0.518038014570872,0.011199208634512764,"{'batch_size': 256, 'dropout_rate': 0.2, 'embed_dim': 32, 'epochs': 10, 'hidden_unit': 32, 'learning_rate': 0.001, 'optimizers': <class 'keras.optimizers.optimizer_v2.adam.Adam'>}"
0.48215677340825397,0.03843309856014823,"{'batch_size': 256, 'dropout_rate': 0.2, 'embed_dim': 32, 'epochs': 10, 'hidden_unit': 32, 'learning_rate': 0.001, 'optimizers': <class 'keras.optimizers.optimizer_v2.rmsprop.RMSprop'>}"
0.4604176382223765,0.009201589158966354,"{'batch_size': 256, 'dropout_rate': 0.2, 'embed_dim': 32, 'epochs': 10, 'hidden_unit': 32, 'learning_rate': 0.0001, 'optimizers': <class 'keras.optimizers.optimizer_v2.adam.Adam'>}"
0.4532102247079213,0.022590105032689677,"{'batch_size': 256, 'dropout_rate': 0.2, 'embed_dim': 32, 'epochs': 10, 'hidden_unit': 32, 'learning_rate': 0.0001, 'optimizers': <class 'keras.optimizers.optimizer_v2.rmsprop.RMSprop'>}"
0.6295387347539266,0.008319563112858424,"{'batch_size': 256, 'dropout_rate': 0.2, 'embed_dim': 32, 'epochs': 10, 'hidden_unit': 64, 'learning_rate': 0.01, 'optimizers': <class 'keras.optimizers.optimizer_v2.adam.Adam'>}"
0.5679834683736166,0.07748305052077999,"{'batch_size': 256, 'dropout_rate': 0.2, 'embed_dim': 32, 'epochs': 10, 'hidden_unit': 64, 'learning_rate': 0.01, 'optimizers': <class 'keras.optimizers.optimizer_v2.rmsprop.RMSprop'>}"
0.47124823927879333,0.039817866901284034,"{'batch_size': 256, 'dropout_rate': 0.2, 'embed_dim': 32, 'epochs': 10, 'hidden_unit': 64, 'learning_rate': 0.001, 'optimizers': <class 'keras.optimizers.optimizer_v2.adam.Adam'>}"
0.48550723989804584,0.06896260166331795,"{'batch_size': 256, 'dropout_rate': 0.2, 'embed_dim': 32, 'epochs': 10, 'hidden_unit': 64, 'learning_rate': 0.001, 'optimizers': <class 'keras.optimizers.optimizer_v2.rmsprop.RMSprop'>}"
0.46754713853200275,0.01609237297172097,"{'batch_size': 256, 'dropout_rate': 0.2, 'embed_dim': 32, 'epochs': 10, 'hidden_unit': 64, 'learning_rate': 0.0001, 'optimizers': <class 'keras.optimizers.optimizer_v2.adam.Adam'>}"
0.4640018741289775,0.0068735831988739945,"{'batch_size': 256, 'dropout_rate': 0.2, 'embed_dim': 32, 'epochs': 10, 'hidden_unit': 64, 'learning_rate': 0.0001, 'optimizers': <class 'keras.optimizers.optimizer_v2.rmsprop.RMSprop'>}"
0.6616799036661783,0.041376165191011664,"{'batch_size': 256, 'dropout_rate': 0.2, 'embed_dim': 32, 'epochs': 25, 'hidden_unit': 16, 'learning_rate': 0.01, 'optimizers': <class 'keras.optimizers.optimizer_v2.adam.Adam'>}"
0.6941717267036438,0.014982548823303733,"{'batch_size': 256, 'dropout_rate': 0.2, 'embed_dim': 32, 'epochs': 25, 'hidden_unit': 16, 'learning_rate': 0.01, 'optimizers': <class 'keras.optimizers.optimizer_v2.rmsprop.RMSprop'>}"
0.42106903592745465,0.04601308608714856,"{'batch_size': 256, 'dropout_rate': 0.2, 'embed_dim': 32, 'epochs': 25, 'hidden_unit': 16, 'learning_rate': 0.001, 'optimizers': <class 'keras.optimizers.optimizer_v2.adam.Adam'>}"
0.5685289005438486,0.10722038397559312,"{'batch_size': 256, 'dropout_rate': 0.2, 'embed_dim': 32, 'epochs': 25, 'hidden_unit': 16, 'learning_rate': 0.001, 'optimizers': <class 'keras.optimizers.optimizer_v2.rmsprop.RMSprop'>}"
0.492636760075887,0.037577867607340984,"{'batch_size': 256, 'dropout_rate': 0.2, 'embed_dim': 32, 'epochs': 25, 'hidden_unit': 16, 'learning_rate': 0.0001, 'optimizers': <class 'keras.optimizers.optimizer_v2.adam.Adam'>}"
0.4747935136159261,0.03117095542073443,"{'batch_size': 256, 'dropout_rate': 0.2, 'embed_dim': 32, 'epochs': 25, 'hidden_unit': 16, 'learning_rate': 0.0001, 'optimizers': <class 'keras.optimizers.optimizer_v2.rmsprop.RMSprop'>}"
0.6795620918273926,0.0584591278989443,"{'batch_size': 256, 'dropout_rate': 0.2, 'embed_dim': 32, 'epochs': 25, 'hidden_unit': 32, 'learning_rate': 0.01, 'optimizers': <class 'keras.optimizers.optimizer_v2.adam.Adam'>}"
0.6942496498425802,0.004500396514785512,"{'batch_size': 256, 'dropout_rate': 0.2, 'embed_dim': 32, 'epochs': 25, 'hidden_unit': 32, 'learning_rate': 0.01, 'optimizers': <class 'keras.optimizers.optimizer_v2.rmsprop.RMSprop'>}"
0.46762505173683167,0.03950824361520593,"{'batch_size': 256, 'dropout_rate': 0.2, 'embed_dim': 32, 'epochs': 25, 'hidden_unit': 32, 'learning_rate': 0.001, 'optimizers': <class 'keras.optimizers.optimizer_v2.adam.Adam'>}"
0.5753856897354126,0.05697903084158111,"{'batch_size': 256, 'dropout_rate': 0.2, 'embed_dim': 32, 'epochs': 25, 'hidden_unit': 32, 'learning_rate': 0.001, 'optimizers': <class 'keras.optimizers.optimizer_v2.rmsprop.RMSprop'>}"
0.5072463651498159,0.016686835881524302,"{'batch_size': 256, 'dropout_rate': 0.2, 'embed_dim': 32, 'epochs': 25, 'hidden_unit': 32, 'learning_rate': 0.0001, 'optimizers': <class 'keras.optimizers.optimizer_v2.adam.Adam'>}"
0.5075190762678782,0.06445739873782548,"{'batch_size': 256, 'dropout_rate': 0.2, 'embed_dim': 32, 'epochs': 25, 'hidden_unit': 32, 'learning_rate': 0.0001, 'optimizers': <class 'keras.optimizers.optimizer_v2.rmsprop.RMSprop'>}"
0.6940548618634542,0.04122654573018292,"{'batch_size': 256, 'dropout_rate': 0.2, 'embed_dim': 32, 'epochs': 25, 'hidden_unit': 64, 'learning_rate': 0.01, 'optimizers': <class 'keras.optimizers.optimizer_v2.adam.Adam'>}"
0.6725494861602783,0.028221423507107362,"{'batch_size': 256, 'dropout_rate': 0.2, 'embed_dim': 32, 'epochs': 25, 'hidden_unit': 64, 'learning_rate': 0.01, 'optimizers': <class 'keras.optimizers.optimizer_v2.rmsprop.RMSprop'>}"
0.5502960681915283,0.029157220158751697,"{'batch_size': 256, 'dropout_rate': 0.2, 'embed_dim': 32, 'epochs': 25, 'hidden_unit': 64, 'learning_rate': 0.001, 'optimizers': <class 'keras.optimizers.optimizer_v2.adam.Adam'>}"
0.5754246513048807,0.024235650275677714,"{'batch_size': 256, 'dropout_rate': 0.2, 'embed_dim': 32, 'epochs': 25, 'hidden_unit': 64, 'learning_rate': 0.001, 'optimizers': <class 'keras.optimizers.optimizer_v2.rmsprop.RMSprop'>}"
0.48554620146751404,0.015552500510712481,"{'batch_size': 256, 'dropout_rate': 0.2, 'embed_dim': 32, 'epochs': 25, 'hidden_unit': 64, 'learning_rate': 0.0001, 'optimizers': <class 'keras.optimizers.optimizer_v2.adam.Adam'>}"
0.44269128640492755,0.0490022318793947,"{'batch_size': 256, 'dropout_rate': 0.2, 'embed_dim': 32, 'epochs': 25, 'hidden_unit': 64, 'learning_rate': 0.0001, 'optimizers': <class 'keras.optimizers.optimizer_v2.rmsprop.RMSprop'>}"
0.647459864616394,0.006181832065856552,"{'batch_size': 256, 'dropout_rate': 0.2, 'embed_dim': 32, 'epochs': 50, 'hidden_unit': 16, 'learning_rate': 0.01, 'optimizers': <class 'keras.optimizers.optimizer_v2.adam.Adam'>}"
0.6081891854604086,0.11846022898692478,"{'batch_size': 256, 'dropout_rate': 0.2, 'embed_dim': 32, 'epochs': 50, 'hidden_unit': 16, 'learning_rate': 0.01, 'optimizers': <class 'keras.optimizers.optimizer_v2.rmsprop.RMSprop'>}"
0.6042543053627014,0.02139925447380954,"{'batch_size': 256, 'dropout_rate': 0.2, 'embed_dim': 32, 'epochs': 50, 'hidden_unit': 16, 'learning_rate': 0.001, 'optimizers': <class 'keras.optimizers.optimizer_v2.adam.Adam'>}"
0.651160995165507,0.03468516155812552,"{'batch_size': 256, 'dropout_rate': 0.2, 'embed_dim': 32, 'epochs': 50, 'hidden_unit': 16, 'learning_rate': 0.001, 'optimizers': <class 'keras.optimizers.optimizer_v2.rmsprop.RMSprop'>}"
0.4855462114016215,0.03739096790682294,"{'batch_size': 256, 'dropout_rate': 0.2, 'embed_dim': 32, 'epochs': 50, 'hidden_unit': 16, 'learning_rate': 0.0001, 'optimizers': <class 'keras.optimizers.optimizer_v2.adam.Adam'>}"
0.5287907123565674,0.00918525724978988,"{'batch_size': 256, 'dropout_rate': 0.2, 'embed_dim': 32, 'epochs': 50, 'hidden_unit': 16, 'learning_rate': 0.0001, 'optimizers': <class 'keras.optimizers.optimizer_v2.rmsprop.RMSprop'>}"
0.6257597009340922,0.03257553125522312,"{'batch_size': 256, 'dropout_rate': 0.2, 'embed_dim': 32, 'epochs': 50, 'hidden_unit': 32, 'learning_rate': 0.01, 'optimizers': <class 'keras.optimizers.optimizer_v2.adam.Adam'>}"
0.6869253516197205,0.024961979984871756,"{'batch_size': 256, 'dropout_rate': 0.2, 'embed_dim': 32, 'epochs': 50, 'hidden_unit': 32, 'learning_rate': 0.01, 'optimizers': <class 'keras.optimizers.optimizer_v2.rmsprop.RMSprop'>}"
0.5971248149871826,0.013178643304124814,"{'batch_size': 256, 'dropout_rate': 0.2, 'embed_dim': 32, 'epochs': 50, 'hidden_unit': 32, 'learning_rate': 0.001, 'optimizers': <class 'keras.optimizers.optimizer_v2.adam.Adam'>}"
0.658329427242279,0.011861485738450512,"{'batch_size': 256, 'dropout_rate': 0.2, 'embed_dim': 32, 'epochs': 50, 'hidden_unit': 32, 'learning_rate': 0.001, 'optimizers': <class 'keras.optimizers.optimizer_v2.rmsprop.RMSprop'>}"
0.5573087135950724,0.04900223623913087,"{'batch_size': 256, 'dropout_rate': 0.2, 'embed_dim': 32, 'epochs': 50, 'hidden_unit': 32, 'learning_rate': 0.0001, 'optimizers': <class 'keras.optimizers.optimizer_v2.adam.Adam'>}"
0.4747935136159261,0.03117095542073443,"{'batch_size': 256, 'dropout_rate': 0.2, 'embed_dim': 32, 'epochs': 50, 'hidden_unit': 32, 'learning_rate': 0.0001, 'optimizers': <class 'keras.optimizers.optimizer_v2.rmsprop.RMSprop'>}"
0.6796789964040121,0.04116122330398522,"{'batch_size': 256, 'dropout_rate': 0.2, 'embed_dim': 32, 'epochs': 50, 'hidden_unit': 64, 'learning_rate': 0.01, 'optimizers': <class 'keras.optimizers.optimizer_v2.adam.Adam'>}"
0.6438366969426473,0.023907251690008242,"{'batch_size': 256, 'dropout_rate': 0.2, 'embed_dim': 32, 'epochs': 50, 'hidden_unit': 64, 'learning_rate': 0.01, 'optimizers': <class 'keras.optimizers.optimizer_v2.rmsprop.RMSprop'>}"
0.6008259455362955,0.03033304916985832,"{'batch_size': 256, 'dropout_rate': 0.2, 'embed_dim': 32, 'epochs': 50, 'hidden_unit': 64, 'learning_rate': 0.001, 'optimizers': <class 'keras.optimizers.optimizer_v2.adam.Adam'>}"
0.6474209030469259,0.012010980790735573,"{'batch_size': 256, 'dropout_rate': 0.2, 'embed_dim': 32, 'epochs': 50, 'hidden_unit': 64, 'learning_rate': 0.001, 'optimizers': <class 'keras.optimizers.optimizer_v2.rmsprop.RMSprop'>}"
0.47479352355003357,0.048570298575284436,"{'batch_size': 256, 'dropout_rate': 0.2, 'embed_dim': 32, 'epochs': 50, 'hidden_unit': 64, 'learning_rate': 0.0001, 'optimizers': <class 'keras.optimizers.optimizer_v2.adam.Adam'>}"
0.496610552072525,0.05681258358525057,"{'batch_size': 256, 'dropout_rate': 0.2, 'embed_dim': 32, 'epochs': 50, 'hidden_unit': 64, 'learning_rate': 0.0001, 'optimizers': <class 'keras.optimizers.optimizer_v2.rmsprop.RMSprop'>}"
0.6436418692270914,0.05454865825113431,"{'batch_size': 256, 'dropout_rate': 0.2, 'embed_dim': 32, 'epochs': 100, 'hidden_unit': 16, 'learning_rate': 0.01, 'optimizers': <class 'keras.optimizers.optimizer_v2.adam.Adam'>}"
0.658329447110494,0.01717135070626559,"{'batch_size': 256, 'dropout_rate': 0.2, 'embed_dim': 32, 'epochs': 100, 'hidden_unit': 16, 'learning_rate': 0.01, 'optimizers': <class 'keras.optimizers.optimizer_v2.rmsprop.RMSprop'>}"
0.6689652403195699,0.029399203755184965,"{'batch_size': 256, 'dropout_rate': 0.2, 'embed_dim': 32, 'epochs': 100, 'hidden_unit': 16, 'learning_rate': 0.001, 'optimizers': <class 'keras.optimizers.optimizer_v2.adam.Adam'>}"
0.6689262986183167,0.028598555208789414,"{'batch_size': 256, 'dropout_rate': 0.2, 'embed_dim': 32, 'epochs': 100, 'hidden_unit': 16, 'learning_rate': 0.001, 'optimizers': <class 'keras.optimizers.optimizer_v2.rmsprop.RMSprop'>}"
0.5035063028335571,0.019893362574916636,"{'batch_size': 256, 'dropout_rate': 0.2, 'embed_dim': 32, 'epochs': 100, 'hidden_unit': 16, 'learning_rate': 0.0001, 'optimizers': <class 'keras.optimizers.optimizer_v2.adam.Adam'>}"
0.4891693989435832,0.007713491431271768,"{'batch_size': 256, 'dropout_rate': 0.2, 'embed_dim': 32, 'epochs': 100, 'hidden_unit': 16, 'learning_rate': 0.0001, 'optimizers': <class 'keras.optimizers.optimizer_v2.rmsprop.RMSprop'>}"
0.6222144365310669,0.03148202888173749,"{'batch_size': 256, 'dropout_rate': 0.2, 'embed_dim': 32, 'epochs': 100, 'hidden_unit': 32, 'learning_rate': 0.01, 'optimizers': <class 'keras.optimizers.optimizer_v2.adam.Adam'>}"
0.672510544459025,0.03697208514152145,"{'batch_size': 256, 'dropout_rate': 0.2, 'embed_dim': 32, 'epochs': 100, 'hidden_unit': 32, 'learning_rate': 0.01, 'optimizers': <class 'keras.optimizers.optimizer_v2.rmsprop.RMSprop'>}"
0.6545503934224447,0.028025221368946127,"{'batch_size': 256, 'dropout_rate': 0.2, 'embed_dim': 32, 'epochs': 100, 'hidden_unit': 32, 'learning_rate': 0.001, 'optimizers': <class 'keras.optimizers.optimizer_v2.adam.Adam'>}"
0.6545503934224447,0.033071644648807415,"{'batch_size': 256, 'dropout_rate': 0.2, 'embed_dim': 32, 'epochs': 100, 'hidden_unit': 32, 'learning_rate': 0.001, 'optimizers': <class 'keras.optimizers.optimizer_v2.rmsprop.RMSprop'>}"
0.4386395414670308,0.057050600774682866,"{'batch_size': 256, 'dropout_rate': 0.2, 'embed_dim': 32, 'epochs': 100, 'hidden_unit': 32, 'learning_rate': 0.0001, 'optimizers': <class 'keras.optimizers.optimizer_v2.adam.Adam'>}"
0.46045659979184467,0.031117166221357104,"{'batch_size': 256, 'dropout_rate': 0.2, 'embed_dim': 32, 'epochs': 100, 'hidden_unit': 32, 'learning_rate': 0.0001, 'optimizers': <class 'keras.optimizers.optimizer_v2.rmsprop.RMSprop'>}"
0.6545504132906595,0.025124748299222666,"{'batch_size': 256, 'dropout_rate': 0.2, 'embed_dim': 32, 'epochs': 100, 'hidden_unit': 64, 'learning_rate': 0.01, 'optimizers': <class 'keras.optimizers.optimizer_v2.adam.Adam'>}"
0.6475377877553304,0.011810315585309322,"{'batch_size': 256, 'dropout_rate': 0.2, 'embed_dim': 32, 'epochs': 100, 'hidden_unit': 64, 'learning_rate': 0.01, 'optimizers': <class 'keras.optimizers.optimizer_v2.rmsprop.RMSprop'>}"
0.6688873171806335,0.03727956938343227,"{'batch_size': 256, 'dropout_rate': 0.2, 'embed_dim': 32, 'epochs': 100, 'hidden_unit': 64, 'learning_rate': 0.001, 'optimizers': <class 'keras.optimizers.optimizer_v2.adam.Adam'>}"
0.6473819414774576,0.020153314610066562,"{'batch_size': 256, 'dropout_rate': 0.2, 'embed_dim': 32, 'epochs': 100, 'hidden_unit': 64, 'learning_rate': 0.001, 'optimizers': <class 'keras.optimizers.optimizer_v2.rmsprop.RMSprop'>}"
0.47120927770932514,0.043980598091036556,"{'batch_size': 256, 'dropout_rate': 0.2, 'embed_dim': 32, 'epochs': 100, 'hidden_unit': 64, 'learning_rate': 0.0001, 'optimizers': <class 'keras.optimizers.optimizer_v2.adam.Adam'>}"
0.46762505173683167,0.03950824361520593,"{'batch_size': 256, 'dropout_rate': 0.2, 'embed_dim': 32, 'epochs': 100, 'hidden_unit': 64, 'learning_rate': 0.0001, 'optimizers': <class 'keras.optimizers.optimizer_v2.rmsprop.RMSprop'>}"
0.6835359136263529,0.03476214167293745,"{'batch_size': 256, 'dropout_rate': 0.2, 'embed_dim': 64, 'epochs': 10, 'hidden_unit': 16, 'learning_rate': 0.01, 'optimizers': <class 'keras.optimizers.optimizer_v2.adam.Adam'>}"
0.6689262986183167,0.028598555208789414,"{'batch_size': 256, 'dropout_rate': 0.2, 'embed_dim': 64, 'epochs': 10, 'hidden_unit': 16, 'learning_rate': 0.01, 'optimizers': <class 'keras.optimizers.optimizer_v2.rmsprop.RMSprop'>}"
0.517921139796575,0.05417997276478218,"{'batch_size': 256, 'dropout_rate': 0.2, 'embed_dim': 64, 'epochs': 10, 'hidden_unit': 16, 'learning_rate': 0.001, 'optimizers': <class 'keras.optimizers.optimizer_v2.adam.Adam'>}"
0.48550723989804584,0.0300304879134986,"{'batch_size': 256, 'dropout_rate': 0.2, 'embed_dim': 64, 'epochs': 10, 'hidden_unit': 16, 'learning_rate': 0.001, 'optimizers': <class 'keras.optimizers.optimizer_v2.rmsprop.RMSprop'>}"
0.4065762758255005,0.020422250745433572,"{'batch_size': 256, 'dropout_rate': 0.2, 'embed_dim': 64, 'epochs': 10, 'hidden_unit': 16, 'learning_rate': 0.0001, 'optimizers': <class 'keras.optimizers.optimizer_v2.adam.Adam'>}"
0.41713417569796246,0.026319057503004586,"{'batch_size': 256, 'dropout_rate': 0.2, 'embed_dim': 64, 'epochs': 10, 'hidden_unit': 16, 'learning_rate': 0.0001, 'optimizers': <class 'keras.optimizers.optimizer_v2.rmsprop.RMSprop'>}"
0.6473819414774576,0.029472652983853938,"{'batch_size': 256, 'dropout_rate': 0.2, 'embed_dim': 64, 'epochs': 10, 'hidden_unit': 32, 'learning_rate': 0.01, 'optimizers': <class 'keras.optimizers.optimizer_v2.adam.Adam'>}"
0.647459864616394,0.006181832065856552,"{'batch_size': 256, 'dropout_rate': 0.2, 'embed_dim': 64, 'epochs': 10, 'hidden_unit': 32, 'learning_rate': 0.01, 'optimizers': <class 'keras.optimizers.optimizer_v2.rmsprop.RMSprop'>}"
0.4788062870502472,0.0904428525430976,"{'batch_size': 256, 'dropout_rate': 0.2, 'embed_dim': 64, 'epochs': 10, 'hidden_unit': 32, 'learning_rate': 0.001, 'optimizers': <class 'keras.optimizers.optimizer_v2.adam.Adam'>}"
0.5109864274660746,0.051997889035706873,"{'batch_size': 256, 'dropout_rate': 0.2, 'embed_dim': 64, 'epochs': 10, 'hidden_unit': 32, 'learning_rate': 0.001, 'optimizers': <class 'keras.optimizers.optimizer_v2.rmsprop.RMSprop'>}"
0.4423016905784607,0.05226972453304702,"{'batch_size': 256, 'dropout_rate': 0.2, 'embed_dim': 64, 'epochs': 10, 'hidden_unit': 32, 'learning_rate': 0.0001, 'optimizers': <class 'keras.optimizers.optimizer_v2.adam.Adam'>}"
0.5181938509146372,0.07023136088847053,"{'batch_size': 256, 'dropout_rate': 0.2, 'embed_dim': 64, 'epochs': 10, 'hidden_unit': 32, 'learning_rate': 0.0001, 'optimizers': <class 'keras.optimizers.optimizer_v2.rmsprop.RMSprop'>}"
0.6403693358103434,0.0271810445225379,"{'batch_size': 256, 'dropout_rate': 0.2, 'embed_dim': 64, 'epochs': 10, 'hidden_unit': 64, 'learning_rate': 0.01, 'optimizers': <class 'keras.optimizers.optimizer_v2.adam.Adam'>}"
0.6978338758150736,0.0015426870470947505,"{'batch_size': 256, 'dropout_rate': 0.2, 'embed_dim': 64, 'epochs': 10, 'hidden_unit': 64, 'learning_rate': 0.01, 'optimizers': <class 'keras.optimizers.optimizer_v2.rmsprop.RMSprop'>}"
0.4711703360080719,0.049385909732192486,"{'batch_size': 256, 'dropout_rate': 0.2, 'embed_dim': 64, 'epochs': 10, 'hidden_unit': 64, 'learning_rate': 0.001, 'optimizers': <class 'keras.optimizers.optimizer_v2.adam.Adam'>}"
0.5143758654594421,0.061506713074613306,"{'batch_size': 256, 'dropout_rate': 0.2, 'embed_dim': 64, 'epochs': 10, 'hidden_unit': 64, 'learning_rate': 0.001, 'optimizers': <class 'keras.optimizers.optimizer_v2.rmsprop.RMSprop'>}"
0.48188405235608417,0.0288063271232302,"{'batch_size': 256, 'dropout_rate': 0.2, 'embed_dim': 64, 'epochs': 10, 'hidden_unit': 64, 'learning_rate': 0.0001, 'optimizers': <class 'keras.optimizers.optimizer_v2.adam.Adam'>}"
0.4857020278771718,0.047367784205063344,"{'batch_size': 256, 'dropout_rate': 0.2, 'embed_dim': 64, 'epochs': 10, 'hidden_unit': 64, 'learning_rate': 0.0001, 'optimizers': <class 'keras.optimizers.optimizer_v2.rmsprop.RMSprop'>}"
0.672510544459025,0.03697208514152145,"{'batch_size': 256, 'dropout_rate': 0.2, 'embed_dim': 64, 'epochs': 25, 'hidden_unit': 16, 'learning_rate': 0.01, 'optimizers': <class 'keras.optimizers.optimizer_v2.adam.Adam'>}"
0.6653810143470764,0.024457378962302073,"{'batch_size': 256, 'dropout_rate': 0.2, 'embed_dim': 64, 'epochs': 25, 'hidden_unit': 16, 'learning_rate': 0.01, 'optimizers': <class 'keras.optimizers.optimizer_v2.rmsprop.RMSprop'>}"
0.4998441735903422,0.08066883585961211,"{'batch_size': 256, 'dropout_rate': 0.2, 'embed_dim': 64, 'epochs': 25, 'hidden_unit': 16, 'learning_rate': 0.001, 'optimizers': <class 'keras.optimizers.optimizer_v2.adam.Adam'>}"
0.63312296072642,0.007262077746185355,"{'batch_size': 256, 'dropout_rate': 0.2, 'embed_dim': 64, 'epochs': 25, 'hidden_unit': 16, 'learning_rate': 0.001, 'optimizers': <class 'keras.optimizers.optimizer_v2.rmsprop.RMSprop'>}"
0.5321022272109985,0.05415980392053051,"{'batch_size': 256, 'dropout_rate': 0.2, 'embed_dim': 64, 'epochs': 25, 'hidden_unit': 16, 'learning_rate': 0.0001, 'optimizers': <class 'keras.optimizers.optimizer_v2.adam.Adam'>}"
0.503467341264089,0.025884550470325455,"{'batch_size': 256, 'dropout_rate': 0.2, 'embed_dim': 64, 'epochs': 25, 'hidden_unit': 16, 'learning_rate': 0.0001, 'optimizers': <class 'keras.optimizers.optimizer_v2.rmsprop.RMSprop'>}"
0.640057643254598,0.047112167276678704,"{'batch_size': 256, 'dropout_rate': 0.2, 'embed_dim': 64, 'epochs': 25, 'hidden_unit': 32, 'learning_rate': 0.01, 'optimizers': <class 'keras.optimizers.optimizer_v2.adam.Adam'>}"
0.6834190487861633,0.018801651941744824,"{'batch_size': 256, 'dropout_rate': 0.2, 'embed_dim': 64, 'epochs': 25, 'hidden_unit': 32, 'learning_rate': 0.01, 'optimizers': <class 'keras.optimizers.optimizer_v2.rmsprop.RMSprop'>}"
0.5075190762678782,0.07287632966897144,"{'batch_size': 256, 'dropout_rate': 0.2, 'embed_dim': 64, 'epochs': 25, 'hidden_unit': 32, 'learning_rate': 0.001, 'optimizers': <class 'keras.optimizers.optimizer_v2.adam.Adam'>}"
0.6222144166628519,0.017245169809404496,"{'batch_size': 256, 'dropout_rate': 0.2, 'embed_dim': 64, 'epochs': 25, 'hidden_unit': 32, 'learning_rate': 0.001, 'optimizers': <class 'keras.optimizers.optimizer_v2.rmsprop.RMSprop'>}"
0.4102384348710378,0.06962760067155377,"{'batch_size': 256, 'dropout_rate': 0.2, 'embed_dim': 64, 'epochs': 25, 'hidden_unit': 32, 'learning_rate': 0.0001, 'optimizers': <class 'keras.optimizers.optimizer_v2.adam.Adam'>}"
0.5071684618790945,0.031143640425457433,"{'batch_size': 256, 'dropout_rate': 0.2, 'embed_dim': 64, 'epochs': 25, 'hidden_unit': 32, 'learning_rate': 0.0001, 'optimizers': <class 'keras.optimizers.optimizer_v2.rmsprop.RMSprop'>}"
0.6619136730829874,0.019501634210725392,"{'batch_size': 256, 'dropout_rate': 0.2, 'embed_dim': 64, 'epochs': 25, 'hidden_unit': 64, 'learning_rate': 0.01, 'optimizers': <class 'keras.optimizers.optimizer_v2.adam.Adam'>}"
0.6296166380246481,0.035389253924012154,"{'batch_size': 256, 'dropout_rate': 0.2, 'embed_dim': 64, 'epochs': 25, 'hidden_unit': 64, 'learning_rate': 0.01, 'optimizers': <class 'keras.optimizers.optimizer_v2.rmsprop.RMSprop'>}"
0.5755025545756022,0.007272719689544837,"{'batch_size': 256, 'dropout_rate': 0.2, 'embed_dim': 64, 'epochs': 25, 'hidden_unit': 64, 'learning_rate': 0.001, 'optimizers': <class 'keras.optimizers.optimizer_v2.adam.Adam'>}"
0.6439146002133688,0.03993724170082051,"{'batch_size': 256, 'dropout_rate': 0.2, 'embed_dim': 64, 'epochs': 25, 'hidden_unit': 64, 'learning_rate': 0.001, 'optimizers': <class 'keras.optimizers.optimizer_v2.rmsprop.RMSprop'>}"
0.478572537501653,0.03759558519835602,"{'batch_size': 256, 'dropout_rate': 0.2, 'embed_dim': 64, 'epochs': 25, 'hidden_unit': 64, 'learning_rate': 0.0001, 'optimizers': <class 'keras.optimizers.optimizer_v2.adam.Adam'>}"
0.48913044730822247,0.034358811321247705,"{'batch_size': 256, 'dropout_rate': 0.2, 'embed_dim': 64, 'epochs': 25, 'hidden_unit': 64, 'learning_rate': 0.0001, 'optimizers': <class 'keras.optimizers.optimizer_v2.rmsprop.RMSprop'>}"
0.6508882443110148,0.041426061645142884,"{'batch_size': 256, 'dropout_rate': 0.2, 'embed_dim': 64, 'epochs': 50, 'hidden_unit': 16, 'learning_rate': 0.01, 'optimizers': <class 'keras.optimizers.optimizer_v2.adam.Adam'>}"
0.6726273894309998,0.027196456647267105,"{'batch_size': 256, 'dropout_rate': 0.2, 'embed_dim': 64, 'epochs': 50, 'hidden_unit': 16, 'learning_rate': 0.01, 'optimizers': <class 'keras.optimizers.optimizer_v2.rmsprop.RMSprop'>}"
0.6403693358103434,0.03465966678775298,"{'batch_size': 256, 'dropout_rate': 0.2, 'embed_dim': 64, 'epochs': 50, 'hidden_unit': 16, 'learning_rate': 0.001, 'optimizers': <class 'keras.optimizers.optimizer_v2.adam.Adam'>}"
0.6294997731844584,0.030735497584861653,"{'batch_size': 256, 'dropout_rate': 0.2, 'embed_dim': 64, 'epochs': 50, 'hidden_unit': 16, 'learning_rate': 0.001, 'optimizers': <class 'keras.optimizers.optimizer_v2.rmsprop.RMSprop'>}"
0.49248091379801434,0.08278022810035449,"{'batch_size': 256, 'dropout_rate': 0.2, 'embed_dim': 64, 'epochs': 50, 'hidden_unit': 16, 'learning_rate': 0.0001, 'optimizers': <class 'keras.optimizers.optimizer_v2.adam.Adam'>}"
0.5107916394869486,0.0570669861777406,"{'batch_size': 256, 'dropout_rate': 0.2, 'embed_dim': 64, 'epochs': 50, 'hidden_unit': 16, 'learning_rate': 0.0001, 'optimizers': <class 'keras.optimizers.optimizer_v2.rmsprop.RMSprop'>}"
0.6472650766372681,0.043538973371020515,"{'batch_size': 256, 'dropout_rate': 0.2, 'embed_dim': 64, 'epochs': 50, 'hidden_unit': 32, 'learning_rate': 0.01, 'optimizers': <class 'keras.optimizers.optimizer_v2.adam.Adam'>}"
0.6511220335960388,0.027654700229918183,"{'batch_size': 256, 'dropout_rate': 0.2, 'embed_dim': 64, 'epochs': 50, 'hidden_unit': 32, 'learning_rate': 0.01, 'optimizers': <class 'keras.optimizers.optimizer_v2.rmsprop.RMSprop'>}"
0.6367461482683817,0.017100831745973065,"{'batch_size': 256, 'dropout_rate': 0.2, 'embed_dim': 64, 'epochs': 50, 'hidden_unit': 32, 'learning_rate': 0.001, 'optimizers': <class 'keras.optimizers.optimizer_v2.adam.Adam'>}"
0.6545893748601278,0.024495765942801284,"{'batch_size': 256, 'dropout_rate': 0.2, 'embed_dim': 64, 'epochs': 50, 'hidden_unit': 32, 'learning_rate': 0.001, 'optimizers': <class 'keras.optimizers.optimizer_v2.rmsprop.RMSprop'>}"
0.48203988869984943,0.03113470906587518,"{'batch_size': 256, 'dropout_rate': 0.2, 'embed_dim': 64, 'epochs': 50, 'hidden_unit': 32, 'learning_rate': 0.0001, 'optimizers': <class 'keras.optimizers.optimizer_v2.adam.Adam'>}"
0.47845566272735596,0.027398853681890867,"{'batch_size': 256, 'dropout_rate': 0.2, 'embed_dim': 64, 'epochs': 50, 'hidden_unit': 32, 'learning_rate': 0.0001, 'optimizers': <class 'keras.optimizers.optimizer_v2.rmsprop.RMSprop'>}"
0.6580956776936849,0.03520585966305904,"{'batch_size': 256, 'dropout_rate': 0.2, 'embed_dim': 64, 'epochs': 50, 'hidden_unit': 64, 'learning_rate': 0.01, 'optimizers': <class 'keras.optimizers.optimizer_v2.adam.Adam'>}"
0.625915547211965,0.017847467406872066,"{'batch_size': 256, 'dropout_rate': 0.2, 'embed_dim': 64, 'epochs': 50, 'hidden_unit': 64, 'learning_rate': 0.01, 'optimizers': <class 'keras.optimizers.optimizer_v2.rmsprop.RMSprop'>}"
0.6292270421981812,0.059136885690470244,"{'batch_size': 256, 'dropout_rate': 0.2, 'embed_dim': 64, 'epochs': 50, 'hidden_unit': 64, 'learning_rate': 0.001, 'optimizers': <class 'keras.optimizers.optimizer_v2.adam.Adam'>}"
0.6688483556111654,0.05515849636597404,"{'batch_size': 256, 'dropout_rate': 0.2, 'embed_dim': 64, 'epochs': 50, 'hidden_unit': 64, 'learning_rate': 0.001, 'optimizers': <class 'keras.optimizers.optimizer_v2.rmsprop.RMSprop'>}"
0.47128720084826153,0.03731586776962853,"{'batch_size': 256, 'dropout_rate': 0.2, 'embed_dim': 64, 'epochs': 50, 'hidden_unit': 64, 'learning_rate': 0.0001, 'optimizers': <class 'keras.optimizers.optimizer_v2.adam.Adam'>}"
0.4855462114016215,0.045736263838857226,"{'batch_size': 256, 'dropout_rate': 0.2, 'embed_dim': 64, 'epochs': 50, 'hidden_unit': 64, 'learning_rate': 0.0001, 'optimizers': <class 'keras.optimizers.optimizer_v2.rmsprop.RMSprop'>}"
0.6508882641792297,0.05139146680621919,"{'batch_size': 256, 'dropout_rate': 0.2, 'embed_dim': 64, 'epochs': 100, 'hidden_unit': 16, 'learning_rate': 0.01, 'optimizers': <class 'keras.optimizers.optimizer_v2.adam.Adam'>}"
0.6654199759165446,0.02386378413784982,"{'batch_size': 256, 'dropout_rate': 0.2, 'embed_dim': 64, 'epochs': 100, 'hidden_unit': 16, 'learning_rate': 0.01, 'optimizers': <class 'keras.optimizers.optimizer_v2.rmsprop.RMSprop'>}"
0.6761337121327718,0.025016223138833314,"{'batch_size': 256, 'dropout_rate': 0.2, 'embed_dim': 64, 'epochs': 100, 'hidden_unit': 16, 'learning_rate': 0.001, 'optimizers': <class 'keras.optimizers.optimizer_v2.adam.Adam'>}"
0.6941717267036438,0.014982548823303733,"{'batch_size': 256, 'dropout_rate': 0.2, 'embed_dim': 64, 'epochs': 100, 'hidden_unit': 16, 'learning_rate': 0.001, 'optimizers': <class 'keras.optimizers.optimizer_v2.rmsprop.RMSprop'>}"
0.550335039695104,0.07478335929440925,"{'batch_size': 256, 'dropout_rate': 0.2, 'embed_dim': 64, 'epochs': 100, 'hidden_unit': 16, 'learning_rate': 0.0001, 'optimizers': <class 'keras.optimizers.optimizer_v2.adam.Adam'>}"
0.43158796429634094,0.015780659184421036,"{'batch_size': 256, 'dropout_rate': 0.2, 'embed_dim': 64, 'epochs': 100, 'hidden_unit': 16, 'learning_rate': 0.0001, 'optimizers': <class 'keras.optimizers.optimizer_v2.rmsprop.RMSprop'>}"
0.650927205880483,0.032637155561949745,"{'batch_size': 256, 'dropout_rate': 0.2, 'embed_dim': 64, 'epochs': 100, 'hidden_unit': 32, 'learning_rate': 0.01, 'optimizers': <class 'keras.optimizers.optimizer_v2.adam.Adam'>}"
0.6833800872166952,0.042043588906179555,"{'batch_size': 256, 'dropout_rate': 0.2, 'embed_dim': 64, 'epochs': 100, 'hidden_unit': 32, 'learning_rate': 0.01, 'optimizers': <class 'keras.optimizers.optimizer_v2.rmsprop.RMSprop'>}"
0.679640014966329,0.04337710048599236,"{'batch_size': 256, 'dropout_rate': 0.2, 'embed_dim': 64, 'epochs': 100, 'hidden_unit': 32, 'learning_rate': 0.001, 'optimizers': <class 'keras.optimizers.optimizer_v2.adam.Adam'>}"
0.6653810342152914,0.019155230218531015,"{'batch_size': 256, 'dropout_rate': 0.2, 'embed_dim': 64, 'epochs': 100, 'hidden_unit': 32, 'learning_rate': 0.001, 'optimizers': <class 'keras.optimizers.optimizer_v2.rmsprop.RMSprop'>}"
0.4748324751853943,0.03520169810926808,"{'batch_size': 256, 'dropout_rate': 0.2, 'embed_dim': 64, 'epochs': 100, 'hidden_unit': 32, 'learning_rate': 0.0001, 'optimizers': <class 'keras.optimizers.optimizer_v2.adam.Adam'>}"
0.5644382039705912,0.0726232681104295,"{'batch_size': 256, 'dropout_rate': 0.2, 'embed_dim': 64, 'epochs': 100, 'hidden_unit': 32, 'learning_rate': 0.0001, 'optimizers': <class 'keras.optimizers.optimizer_v2.rmsprop.RMSprop'>}"
0.6473429799079895,0.032482765373548564,"{'batch_size': 256, 'dropout_rate': 0.2, 'embed_dim': 64, 'epochs': 100, 'hidden_unit': 64, 'learning_rate': 0.01, 'optimizers': <class 'keras.optimizers.optimizer_v2.adam.Adam'>}"
0.6439146002133688,0.01440619451643066,"{'batch_size': 256, 'dropout_rate': 0.2, 'embed_dim': 64, 'epochs': 100, 'hidden_unit': 64, 'learning_rate': 0.01, 'optimizers': <class 'keras.optimizers.optimizer_v2.rmsprop.RMSprop'>}"
0.6581346392631531,0.027272719909217397,"{'batch_size': 256, 'dropout_rate': 0.2, 'embed_dim': 64, 'epochs': 100, 'hidden_unit': 64, 'learning_rate': 0.001, 'optimizers': <class 'keras.optimizers.optimizer_v2.adam.Adam'>}"
0.6942107081413269,0.027169213444322098,"{'batch_size': 256, 'dropout_rate': 0.2, 'embed_dim': 64, 'epochs': 100, 'hidden_unit': 64, 'learning_rate': 0.001, 'optimizers': <class 'keras.optimizers.optimizer_v2.rmsprop.RMSprop'>}"
0.4568723638852437,0.02736870315176676,"{'batch_size': 256, 'dropout_rate': 0.2, 'embed_dim': 64, 'epochs': 100, 'hidden_unit': 64, 'learning_rate': 0.0001, 'optimizers': <class 'keras.optimizers.optimizer_v2.adam.Adam'>}"
0.4497039119402568,0.021557901958976628,"{'batch_size': 256, 'dropout_rate': 0.2, 'embed_dim': 64, 'epochs': 100, 'hidden_unit': 64, 'learning_rate': 0.0001, 'optimizers': <class 'keras.optimizers.optimizer_v2.rmsprop.RMSprop'>}"
